CHR	POS1	POS2	motif_chr	motif_start	motif_end	motif_id	snp_pos	ref	alt	genotype	variant_type	ref_score	alt_score	delta_score	ref_seq	alt_seq
chr1	211649168	211649222	chr1	211649185	211649204	-motif369	211649200	G	C	0|1	REF	0.986450945791	0.986450945791	.	CCCTCCTCTCTACTGCCCT	.
chr1	211649168	211649222	chr1	211649195	211649214	-motif370	211649200	G	C	0|1	REF	7.19516	13.2471035624	6.05194188388	TACTGCCCTCCACTGGGTC	TACTCCCCTCCACTGGGTC
chr2	113979627	113979899	chr2	113979834	113979853	-motif2838	113979838,113979840	T,C	C,A	1|0,1|0	ALT	3.00157	27.0466600789	24.0450887597	GGCTGCCCCCTGGTGGCCG	GGCCGACCCCTGGTGGCCG
chr2	113979627	113979899	chr2	113979836	113979855	+motif2839	113979838,113979840	T,C	C,A	1|0,1|0	ALT	4.20342	7.54935105788	3.34593462547	CTGCCCCCTGGTGGCCGGA	CCGACCCCTGGTGGCCGGA
chr2	113979627	113979899	chr2	113979837	113979856	+motif2840	113979838,113979840	T,C	C,A	1|0,1|0	REF	1.79299586938	.	1.79299586938	.	CGACCCCTGGTGGCCGGAG
chr5	152462226	152462684	chr5	152462330	152462349	-motif4242	152462337	C	T	1|0	ALT	6.76971	15.5030540526	8.73334671068	CATCTCCCTCTAGTGGGGG	CATCTCTCTCTAGTGGGGG
chr5	152462226	152462684	chr5	152462333	152462352	+motif4243	152462337	C	T	1|0	ALT	4.64385500018	4.64385500018	.	CTCCCTCTAGTGGGGGCAA	.
chr5	152462226	152462684	chr5	152462660	152462679	+motif4244	152462676	C	T	0|1	REF	0.101935832694	0.101935832694	.	ACCCCACTCTGTGGCCCTG	.
chr13	20489336	20489406	chr13	20489380	20489399	-motif1282	20489385	G	A	1|0	ALT	4.00888	16.0473283377	12.0384453582	TGGCGCCCTCTACTGCTTC	TGGCACCCTCTACTGCTTC
chr18	10438003	10438087	chr18	10438020	10438039	-motif2233	10438027	G	C	0|1	ALT	3.97572291751	.	3.97572291751	.	GTAGTGCCTCTGGTGGCTG
chr21	42107947	42108109	chr21	42107957	42107976	-motif3259	42107962	A	G	1|0	REF	4.00888	12.4577749312	16.4666579106	CTGCACCCTCGCCTGGCCA	CTGCGCCCTCGCCTGGCCA
