CHR	POS1	POS2	motif_chr	motif_start	motif_end	motif_id	snp_pos	ref	alt	genotype	variant_type	ref_score	alt_score	delta_score	ref_seq	alt_seq
chr1	116672611	116672820	chr1	116672731	116672750	-motif310	116672736	A	G	1|0	REF	4.00888	6.79022015671	10.7991031361	ATGCACCATCTAGCGTTAG	ATGCGCCATCTAGCGTTAG
chr2	140964473	140964617	chr2	140964514	140964533	-motif2709	140964517	G	A	1|0	ALT	1.69100888814	1.69100888814	.	TGGTGTCACCGCTAGACCA	.
chr4	124944111	124944169	chr4	124944125	124944144	-motif3649	124944144	G	A	1|0	REF	0.0750343783357	.	0.0750343783357	.	GACTCACTCCTCCTGCTGA
chr4	124944111	124944169	chr4	124944128	124944147	-motif3650	124944144	G	A	1|0	ALT	5.03118	11.9780287771	6.94685033683	TCACTCCTCCTGCTGGTTG	TCACTCCTCCTGCTGATTG
chr4	124944111	124944169	chr4	124944131	124944150	-motif3651	124944144	G	A	1|0	ALT	0.494108265892	0.494108265892	.	CTCCTCCTGCTGGTTGAAG	.
chr4	124944111	124944169	chr4	124944133	124944152	+motif3652	124944144	G	A	1|0	ALT	0.70230510273	0.70230510273	.	CCTCCTGCTGGTTGAAGAA	.
chr13	74215604	74215652	chr13	74215609	74215628	-motif1287	74215612	C	T	1|0	ALT	2.46186	15.3433946343	12.8815317611	GCCTGCCACCTGATGGCCT	GCTTGCCACCTGATGGCCT
chr13	74215604	74215652	chr13	74215611	74215630	+motif1288	74215612	C	T	1|0	REF	0.100111	7.01174917591	7.11186060237	CTGCCACCTGATGGCCTTT	TTGCCACCTGATGGCCTTT
chr16	87496311	87496520	chr16	87496352	87496371	+motif1819	87496358	G	A	0|1	ALT	2.25468170975	.	2.25468170975	.	GGAGCAGCTGAGATCGCTG
chr19	12440863	12441259	chr19	12441231	12441250	-motif2319	12441249	G	C	0|1	ALT	0.912140031964	.	0.912140031964	.	CACAGCCCTTGGCAGGGCG
