CHR	POS1	POS2	motif_chr	motif_start	motif_end	motif_id	snp_pos	ref	alt	genotype	variant_type	ref_score	alt_score	delta_score	ref_seq	alt_seq
chr1	89085945	89086065	chr1	89085973	89085992	+motif189	89085986	C	G	1|0	REF	18.747	1.28038487959	20.0273376495	TCACCACTAGAGCGAGGTG	TCACCACTAGAGGGAGGTG
chr1	89085945	89086065	chr1	89085976	89085995	+motif190	89085986	C	G	1|0	REF	1.67823152471	.	1.67823152471	.	CCACTAGAGGGAGGTGCTG
chr5	151239370	151239472	chr5	151239421	151239440	-motif4237	151239432	T	C	1|0	ALT	1.65807695807	1.65807695807	.	CGGCCGCCCCTTCTTGGCG	.
chr5	151239370	151239472	chr5	151239422	151239441	-motif4238	151239432,151239441	T,G	C,A	1|0,0|1	REF	8.15327	11.0310402998	19.1843132177	GGCCGCCCCTTCTTGGCGG	GGCCGCCCCCTCTTGGCGA
chr5	152462226	152462684	chr5	152462330	152462349	-motif4242	152462337	C	T	1|0	ALT	6.76971	15.5030540526	8.73334671068	CATCTCCCTCTAGTGGGGG	CATCTCTCTCTAGTGGGGG
chr5	152462226	152462684	chr5	152462333	152462352	+motif4243	152462337	C	T	1|0	ALT	4.64385500018	4.64385500018	.	CTCCCTCTAGTGGGGGCAA	.
chr5	152462226	152462684	chr5	152462660	152462679	+motif4244	152462676	C	T	0|1	REF	0.101935832694	0.101935832694	.	ACCCCACTCTGTGGCCCTG	.
chr7	23545053	23545173	chr7	23545073	23545092	-motif4744	23545083	C	T	0|1	REF	8.05316	14.9937676768	6.94060618545	TACTGACATCTAGTGGGTA	TACTGACATTTAGTGGGTA
chr7	23545053	23545173	chr7	23545076	23545095	+motif4745	23545083	C	T	0|1	REF	2.52784501281	2.52784501281	.	TGACATCTAGTGGGTAGAG	.
chr13	20489336	20489406	chr13	20489380	20489399	-motif1282	20489385	G	A	1|0	ALT	4.00888	16.0473283377	12.0384453582	TGGCGCCCTCTACTGCTTC	TGGCACCCTCTACTGCTTC
chr17	46253969	46254065	chr17	46254012	46254031	+motif2113	46254031	T	C	1|0	REF	0.0152628922817	.	0.0152628922817	.	CTGCTCCAAGGTGAAGGTC
