CHR	POS1	POS2	motif_chr	motif_start	motif_end	motif_id	snp_pos	ref	alt	genotype	variant_type	ref_score	alt_score	delta_score	ref_seq	alt_seq
chr1	116672611	116672820	chr1	116672731	116672750	-motif310	116672736	A	G	1|0	REF	4.00888	6.79022015671	10.7991031361	ATGCACCATCTAGCGTTAG	ATGCGCCATCTAGCGTTAG
chr2	113297317	113297963	chr2	113297718	113297737	-motif2657	113297730	A	G	1|0	REF	0.97573	4.71480894732	5.69053854537	TGCTTCTTTCCACTGGCTG	TGCTTCTTTCCGCTGGCTG
chr16	87678735	87678895	chr16	87678750	87678769	-motif1827	87678760	T	C	1|0	REF	8.05316	5.03742470359	13.0905861949	GAGTGCCCTTGTGAGGCAG	GAGTGCCCTCGTGAGGCAG
